{
	"credit": "Made with Blockbench",
	"texture_size": [64, 64],
	"textures": {
		"0": "tutorial/master_sword1",
		"particle": "tutorial/master_sword1"
	},
	"elements": [
		{
			"from": [7, -2, 7],
			"to": [9, 2, 9],
			"rotation": {"angle": 0, "axis": "y", "origin": [13, 0, 2]},
			"faces": {
				"north": {"uv": [0.5, 5.5, 1, 6.5], "texture": "#0"},
				"east": {"uv": [1, 5.5, 1.5, 6.5], "texture": "#0"},
				"south": {"uv": [1.5, 5.5, 2, 6.5], "texture": "#0"},
				"west": {"uv": [6, 0, 6.5, 1], "texture": "#0"},
				"up": {"uv": [6.5, 1.5, 6, 1], "texture": "#0"},
				"down": {"uv": [6.5, 1.5, 6, 2], "texture": "#0"}
			}
		},
		{
			"from": [3, 2, 7],
			"to": [13, 4, 9],
			"rotation": {"angle": 0, "axis": "y", "origin": [5, 2, 7]},
			"faces": {
				"north": {"uv": [5.5, 4, 8, 4.5], "texture": "#0"},
				"east": {"uv": [6, 2, 6.5, 2.5], "texture": "#0"},
				"south": {"uv": [5.5, 4.5, 8, 5], "texture": "#0"},
				"west": {"uv": [6, 2.5, 6.5, 3], "texture": "#0"},
				"up": {"uv": [8, 5.5, 5.5, 5], "texture": "#0"},
				"down": {"uv": [8, 5.5, 5.5, 6], "texture": "#0"}
			}
		},
		{
			"from": [10, 4, 7],
			"to": [11, 20, 9],
			"rotation": {"angle": 0, "axis": "y", "origin": [9, 8, 7]},
			"faces": {
				"north": {"uv": [3, 4.5, 3.5, 8.5], "texture": "#0"},
				"east": {"uv": [3.5, 4.5, 4, 8.5], "texture": "#0"},
				"south": {"uv": [4, 4.5, 4.5, 8.5], "texture": "#0"},
				"west": {"uv": [4.5, 4.5, 5, 8.5], "texture": "#0"},
				"up": {"uv": [7, 0.5, 6.5, 0], "texture": "#0"},
				"down": {"uv": [1, 6.5, 0.5, 7], "texture": "#0"}
			}
		},
		{
			"from": [6, 4, 7],
			"to": [7, 23, 9],
			"rotation": {"angle": 0, "axis": "y", "origin": [6, 9, 7]},
			"faces": {
				"north": {"uv": [4, 0, 4.5, 4.5], "texture": "#0"},
				"east": {"uv": [4.5, 0, 5, 4.5], "texture": "#0"},
				"south": {"uv": [2, 4.5, 2.5, 9], "texture": "#0"},
				"west": {"uv": [2.5, 4.5, 3, 9], "texture": "#0"},
				"up": {"uv": [7, 1, 6.5, 0.5], "texture": "#0"},
				"down": {"uv": [1.5, 6.5, 1, 7], "texture": "#0"}
			}
		},
		{
			"from": [9, 4, 7],
			"to": [10, 23, 9],
			"rotation": {"angle": 0, "axis": "y", "origin": [8, 9, 7]},
			"faces": {
				"north": {"uv": [2, 0, 2.5, 4.5], "texture": "#0"},
				"east": {"uv": [2.5, 0, 3, 4.5], "texture": "#0"},
				"south": {"uv": [3, 0, 3.5, 4.5], "texture": "#0"},
				"west": {"uv": [3.5, 0, 4, 4.5], "texture": "#0"},
				"up": {"uv": [6, 6.5, 5.5, 6], "texture": "#0"},
				"down": {"uv": [6.5, 6, 6, 6.5], "texture": "#0"}
			}
		},
		{
			"from": [7, 4, 7],
			"to": [9, 26, 9],
			"rotation": {"angle": 0, "axis": "y", "origin": [7, 4, 7]},
			"faces": {
				"north": {"uv": [0, 0, 0.5, 5.5], "texture": "#0"},
				"east": {"uv": [0.5, 0, 1, 5.5], "texture": "#0"},
				"south": {"uv": [1, 0, 1.5, 5.5], "texture": "#0"},
				"west": {"uv": [1.5, 0, 2, 5.5], "texture": "#0"},
				"up": {"uv": [6.5, 3.5, 6, 3], "texture": "#0"},
				"down": {"uv": [6.5, 3.5, 6, 4], "texture": "#0"}
			}
		},
		{
			"from": [5, 4, 7],
			"to": [6, 20, 9],
			"rotation": {"angle": 0, "axis": "y", "origin": [5, 8, 7]},
			"faces": {
				"north": {"uv": [5, 0, 5.5, 4], "texture": "#0"},
				"east": {"uv": [5, 4, 5.5, 8], "texture": "#0"},
				"south": {"uv": [0, 5.5, 0.5, 9.5], "texture": "#0"},
				"west": {"uv": [5.5, 0, 6, 4], "texture": "#0"},
				"up": {"uv": [7, 1.5, 6.5, 1], "texture": "#0"},
				"down": {"uv": [2, 6.5, 1.5, 7], "texture": "#0"}
			}
		}
	],
	"display": {
		"thirdperson_righthand": {
			"rotation": [-111.49, -88.86, -107.36],
			"translation": [0, 7.5, 1.25],
			"scale": [0.8, 0.8, 0.8]
		},
		"thirdperson_lefthand": {
			"rotation": [-111.49, -88.86, -107.36],
			"translation": [0, 7.5, 1.25],
			"scale": [0.8, 0.8, 0.8]
		},
		"firstperson_righthand": {
			"rotation": [-4.93, -78, 0.85],
			"translation": [0.25, 0, 0.75],
			"scale": [0.8, 0.8, 0.8]
		},
		"firstperson_lefthand": {
			"rotation": [-4.93, -78, 0.85],
			"translation": [0.25, 0, 0.75],
			"scale": [0.8, 0.8, 0.8]
		},
		"ground": {
			"translation": [0, 6.75, 0]
		},
		"gui": {
			"rotation": [0, 0, -45],
			"translation": [-2.25, -2.25, 0],
			"scale": [0.7, 0.7, 0.7]
		},
		"fixed": {
			"rotation": [0, 0, 46],
			"translation": [2.5, -2.5, 0],
			"scale": [0.9, 0.9, 0.9]
		}
	}
}