{
  "type": "minecraft:crafting_shaped",
  "category": "misc",
  "pattern": [
    "aba",
    "aca",
    " d "
  ],
  "key": {
    "a": {
      "item": "minecraft:iron_ingot"
    },
    "b": {
      "item": "minecraft:lapis_lazuli"
    },
    "c": {
      "item": "minecraft:gold_ingot"
    },
    "d": {
      "item": "minecraft:stick"
    }
  },
  "result": {
    "id": "minecraft:iron_sword",
    "components": {
      "minecraft:custom_model_data": 1,
      "minecraft:item_name": "\"Master Sword\""
    },
    "count": 1
  }
}