{
	"credit": "Made with Blockbench",
	"texture_size": [64, 64],
	"textures": {
		"2": "tutorial/custom_carved_pumpkin1",
		"particle": "tutorial/custom_carved_pumpkin1"
	},
	"elements": [
		{
			"from": [0, 0, 0],
			"to": [16, 5, 16],
			"faces": {
				"north": {"uv": [11.5, 4.25, 15.5, 5.5], "texture": "#2"},
				"east": {"uv": [11.5, 5.5, 15.5, 6.75], "texture": "#2"},
				"south": {"uv": [11.5, 6.75, 15.5, 8], "texture": "#2"},
				"west": {"uv": [11.5, 8, 15.5, 9.25], "texture": "#2"},
				"up": {"uv": [4, 8.25, 0, 4.25], "texture": "#2"},
				"down": {"uv": [8, 4.25, 4, 8.25], "texture": "#2"}
			}
		},
		{
			"from": [1, 5, 1],
			"to": [15, 11, 15],
			"rotation": {"angle": 22.5, "axis": "x", "origin": [1, 5, 1]},
			"faces": {
				"north": {"uv": [0, 10.75, 3.5, 12.25], "texture": "#2"},
				"east": {"uv": [3.5, 10.75, 7, 12.25], "texture": "#2"},
				"south": {"uv": [7, 11.25, 10.5, 12.75], "texture": "#2"},
				"west": {"uv": [10.5, 11.25, 14, 12.75], "texture": "#2"},
				"up": {"uv": [11.5, 7.75, 8, 4.25], "texture": "#2"},
				"down": {"uv": [11.5, 7.75, 8, 11.25], "texture": "#2"}
			}
		},
		{
			"from": [2, 10, 6],
			"to": [14, 15, 18],
			"rotation": {"angle": 45, "axis": "x", "origin": [2, 12, 6]},
			"faces": {
				"north": {"uv": [3, 3, 6, 4.25], "texture": "#2"},
				"east": {"uv": [0, 3, 3, 4.25], "texture": "#2"},
				"south": {"uv": [9, 3, 12, 4.25], "texture": "#2"},
				"west": {"uv": [6, 3, 9, 4.25], "texture": "#2"},
				"up": {"uv": [6, 3, 3, 0], "texture": "#2"},
				"down": {"uv": [9, 0, 6, 3], "texture": "#2"}
			}
		},
		{
			"from": [3, 3, 9],
			"to": [13, 13, 13],
			"rotation": {"angle": -22.5, "axis": "x", "origin": [3, 13, 9]},
			"faces": {
				"north": {"uv": [0, 8.25, 2.5, 10.75], "texture": "#2"},
				"east": {"uv": [7, 8.25, 8, 10.75], "texture": "#2"},
				"south": {"uv": [2.5, 8.25, 5, 10.75], "texture": "#2"},
				"west": {"uv": [12, 0, 13, 2.5], "texture": "#2"},
				"up": {"uv": [14.5, 3.5, 12, 2.5], "texture": "#2"},
				"down": {"uv": [2.5, 12.25, 0, 13.25], "texture": "#2"}
			}
		},
		{
			"from": [4, 6, 12],
			"to": [12, 14, 16],
			"rotation": {"angle": 0, "axis": "x", "origin": [4, 14, 12]},
			"faces": {
				"north": {"uv": [5, 8.25, 7, 10.25], "texture": "#2"},
				"east": {"uv": [5.5, 12.25, 6.5, 14.25], "texture": "#2"},
				"south": {"uv": [11.5, 9.25, 13.5, 11.25], "texture": "#2"},
				"west": {"uv": [6.5, 12.75, 7.5, 14.75], "texture": "#2"},
				"up": {"uv": [9.5, 13.75, 7.5, 12.75], "texture": "#2"},
				"down": {"uv": [11.5, 12.75, 9.5, 13.75], "texture": "#2"}
			}
		},
		{
			"from": [5, 8, 16],
			"to": [11, 14, 19],
			"rotation": {"angle": 22.5, "axis": "x", "origin": [5, 14, 16]},
			"faces": {
				"north": {"uv": [2.5, 12.25, 4, 13.75], "texture": "#2"},
				"east": {"uv": [11.5, 12.75, 12.25, 14.25], "texture": "#2"},
				"south": {"uv": [4, 12.25, 5.5, 13.75], "texture": "#2"},
				"west": {"uv": [12.25, 12.75, 13, 14.25], "texture": "#2"},
				"up": {"uv": [13.5, 4.25, 12, 3.5], "texture": "#2"},
				"down": {"uv": [14.5, 0, 13, 0.75], "texture": "#2"}
			}
		},
		{
			"from": [6, 9, 17],
			"to": [10, 13, 20],
			"rotation": {"angle": 45, "axis": "x", "origin": [6, 11, 17]},
			"faces": {
				"north": {"uv": [13, 0.75, 14, 1.75], "texture": "#2"},
				"east": {"uv": [0, 13.25, 0.75, 14.25], "texture": "#2"},
				"south": {"uv": [13, 12.75, 14, 13.75], "texture": "#2"},
				"west": {"uv": [0.75, 13.25, 1.5, 14.25], "texture": "#2"},
				"up": {"uv": [14, 2.5, 13, 1.75], "texture": "#2"},
				"down": {"uv": [2.5, 13.25, 1.5, 14], "texture": "#2"}
			}
		}
	],
	"display": {
		"thirdperson_righthand": {
			"rotation": [27.25, 0, 0],
			"translation": [-0.5, 2.75, 3],
			"scale": [0.5, 0.5, 0.5]
		},
		"thirdperson_lefthand": {
			"translation": [0, 2, 0],
			"scale": [0.43, 0.43, 0.43]
		},
		"firstperson_righthand": {
			"translation": [0.75, 1.75, 0],
			"scale": [0.43, 0.43, 0.43]
		},
		"firstperson_lefthand": {
			"translation": [0.75, 2.25, 0],
			"scale": [0.43, 0.43, 0.43]
		},
		"ground": {
			"scale": [0.75, 0.75, 0.75]
		},
		"gui": {
			"rotation": [-180, -0.5, -180]
		},
		"head": {
			"rotation": [8.25, 0, 0],
			"translation": [0, 10.5, 1]
		},
		"fixed": {
			"rotation": [0, -90, 0],
			"scale": [0.8, 0.8, 0.8]
		}
	}
}